<?xml version="1.0"?>
  <ruleset name="AnsPress">
  <description>PHPCS Ruleset for AnsPress</description>

  <exclude-pattern>*/tests/*</exclude-pattern>
  <exclude-pattern>*/test/*</exclude-pattern>
  <exclude-pattern>*/vendor/*</exclude-pattern>
  <exclude-pattern>*/node_modules/*</exclude-pattern>
  <exclude-pattern>*.js</exclude-pattern>

  <rule ref="WordPress-VIP">
    <exclude name="WordPress.VIP"/>
  </rule>
  <!--
  <rule ref="WordPress-Docs">
    <exclude name="Squiz"/>
  </rule>
  <rule ref="WordPress-Core">
    <exclude name="Generic"/>
  </rule> -->
</ruleset>